id,source_schema,source_table,bronze_table,is_active,created_on,updated_on,target_partitions,pk_columns,batch_group,topic_group,tenant_group,is_modified_on_available
381,Resource,PayRate,resource_payrate,true,2026-08-18T11:05:45.366214Z,2026-08-18T11:05:45.366214Z,null,PayRateID,1,null,null,true
4,FireEvent,ActionTaken,fireevent_actiontaken,true,2026-08-12T13:23:30.979098Z,2026-08-12T13:23:30.979098Z,null,IncidentID,1,null,null,true
9,FireEvent,ApparatusAction,fireevent_apparatusaction,true,2026-08-12T13:23:30.979098Z,2026-08-12T13:23:30.979098Z,null,ApparatusID,1,null,null,true
10,FireEvent,ApparatusActionOther,fireevent_apparatusactionother,true,2026-08-12T13:23:30.979098Z,2026-08-12T13:23:30.979098Z,null,ApparatusActionID,1,null,null,true
11,FireEvent,ApparatusActionOtherApparatusActionModValue,fireevent_apparatusactionotherapparatusactionmodvalue,true,2026-08-12T13:23:30.979098Z,2026-08-12T13:23:30.979098Z,null,ApparatusActionID,1,null,null,true
12,FireEvent,ApparatusActionPrimaryApparatusActionModValue,fireevent_apparatusactionprimaryapparatusactionmodvalue,true,2026-08-12T13:23:30.979098Z,2026-08-12T13:23:30.979098Z,null,ApparatusID,1,null,null,true
13,FireEvent,ApparatusApparatusUseModValue,fireevent_apparatusapparatususemodvalue,true,2026-08-12T13:23:30.979098Z,2026-08-12T13:23:30.979098Z,null,ApparatusID,1,null,null,true
15,FireEvent,ApparatusPersonnelAction,fireevent_apparatuspersonnelaction,true,2026-08-12T13:23:30.979098Z,2026-08-12T13:23:30.979098Z,null,ApparatusPersonnelID,1,null,null,true
16,FireEvent,ApparatusPersonnelActionOther,fireevent_apparatuspersonnelactionother,true,2026-08-12T13:23:30.979098Z,2026-08-12T13:23:30.979098Z,null,ApparatusPersonnelActionID,1,null,null,true
17,FireEvent,ApparatusPersonnelActionOtherActionModValue,fireevent_apparatuspersonnelactionotheractionmodvalue,true,2026-08-12T13:23:30.979098Z,2026-08-12T13:23:30.979098Z,null,ApparatusPersonnelActionID,1,null,null,true
18,FireEvent,ApparatusPersonnelActionPrimaryActionModValue,fireevent_apparatuspersonnelactionprimaryactionmodvalue,true,2026-08-12T13:23:30.979098Z,2026-08-12T13:23:30.979098Z,null,ApparatusPersonnelID,1,null,null,true
19,FireEvent,ApparatusPersonnelLevelModValue,fireevent_apparatuspersonnellevelmodvalue,true,2026-08-12T13:23:30.979098Z,2026-08-12T13:23:30.979098Z,null,ApparatusPersonnelID,1,null,null,true
20,FireEvent,ApparatusPersonnelRoleModValue,fireevent_apparatuspersonnelrolemodvalue,true,2026-08-12T13:23:30.979098Z,2026-08-12T13:23:30.979098Z,null,ApparatusPersonnelID,1,null,null,true
21,FireEvent,ApparatusResponseModeModValue,fireevent_apparatusresponsemodemodvalue,true,2026-08-12T13:23:30.979098Z,2026-08-12T13:23:30.979098Z,null,ApparatusID,1,null,null,true
23,FireEvent,ApparatusTypeModValue,fireevent_apparatustypemodvalue,true,2026-08-12T13:23:30.979098Z,2026-08-12T13:23:30.979098Z,null,ApparatusID,1,null,null,true
24,FireEvent,Arson,fireevent_arson,true,2026-08-12T13:23:30.979098Z,2026-08-12T13:23:30.979098Z,null,IncidentID,1,null,null,true
25,FireEvent,ArsonAgencyReferredTo,fireevent_arsonagencyreferredto,true,2026-08-12T13:23:30.979098Z,2026-08-12T13:23:30.979098Z,null,IncidentID,1,null,null,true
26,FireEvent,ArsonAgencyReferredToAddress,fireevent_arsonagencyreferredtoaddress,true,2026-08-12T13:23:30.979098Z,2026-08-12T13:23:30.979098Z,null,IncidentID,1,null,null,true
27,FireEvent,ArsonAgencyReferredToAddressStreetPrefixModValue,fireevent_arsonagencyreferredtoaddressstreetprefixmodvalue,true,2026-08-12T13:23:30.979098Z,2026-08-12T13:23:30.979098Z,null,IncidentID,1,null,null,true
28,FireEvent,ArsonAgencyReferredToAddressStreetSuffixModValue,fireevent_arsonagencyreferredtoaddressstreetsuffixmodvalue,true,2026-08-12T13:23:30.979098Z,2026-08-12T13:23:30.979098Z,null,IncidentID,1,null,null,true
29,FireEvent,ArsonAgencyReferredToAddressStreetTypeModValue,fireevent_arsonagencyreferredtoaddressstreettypemodvalue,true,2026-08-12T13:23:30.979098Z,2026-08-12T13:23:30.979098Z,null,IncidentID,1,null,null,true
30,FireEvent,ArsonAgencyReferredToAgencyNameModValue,fireevent_arsonagencyreferredtoagencynamemodvalue,true,2026-08-12T13:23:30.979098Z,2026-08-12T13:23:30.979098Z,null,IncidentID,1,null,null,true
31,FireEvent,ArsonApparentGroupInvolvement,fireevent_arsonapparentgroupinvolvement,true,2026-08-12T13:23:30.979098Z,2026-08-12T13:23:30.979098Z,null,ArsonApparentGroupInvolvementID,1,null,null,true
32,FireEvent,ArsonApparentGroupInvolvementModValue,fireevent_arsonapparentgroupinvolvementmodvalue,true,2026-08-12T13:23:30.979098Z,2026-08-12T13:23:30.979098Z,null,ArsonApparentGroupInvolvementID,1,null,null,true
33,FireEvent,ArsonAvailabilityModValue,fireevent_arsonavailabilitymodvalue,true,2026-08-12T13:23:30.979098Z,2026-08-12T13:23:30.979098Z,null,IncidentID,1,null,null,true
34,FireEvent,ArsonCaseStatusModValue,fireevent_arsoncasestatusmodvalue,true,2026-08-12T13:23:30.979098Z,2026-08-12T13:23:30.979098Z,null,IncidentID,1,null,null,true
35,FireEvent,ArsonEntryMethodModValue,fireevent_arsonentrymethodmodvalue,true,2026-08-12T13:23:30.979098Z,2026-08-12T13:23:30.979098Z,null,IncidentID,1,null,null,true
36,FireEvent,ArsonExtentFireInvolvementModValue,fireevent_arsonextentfireinvolvementmodvalue,true,2026-08-12T13:23:30.979098Z,2026-08-12T13:23:30.979098Z,null,IncidentID,1,null,null,true
37,FireEvent,ArsonIncendiaryDeviceContainerModValue,fireevent_arsonincendiarydevicecontainermodvalue,true,2026-08-12T13:23:30.979098Z,2026-08-12T13:23:30.979098Z,null,IncidentID,1,null,null,true
38,FireEvent,ArsonIncendiaryDeviceFuelModValue,fireevent_arsonincendiarydevicefuelmodvalue,true,2026-08-12T13:23:30.979098Z,2026-08-12T13:23:30.979098Z,null,IncidentID,1,null,null,true
39,FireEvent,ArsonIncendiaryDeviceIgnitionModValue,fireevent_arsonincendiarydeviceignitionmodvalue,true,2026-08-12T13:23:30.979098Z,2026-08-12T13:23:30.979098Z,null,IncidentID,1,null,null,true
40,FireEvent,ArsonInitialInvestigation,fireevent_arsoninitialinvestigation,true,2026-08-12T13:23:30.979098Z,2026-08-12T13:23:30.979098Z,null,ArsonInitialInvestigationID,1,null,null,true
41,FireEvent,ArsonInitialInvestigationInformationModValue,fireevent_arsoninitialinvestigationinformationmodvalue,true,2026-08-12T13:23:30.979098Z,2026-08-12T13:23:30.979098Z,null,ArsonInitialInvestigationID,1,null,null,true
42,FireEvent,ArsonInitialObservation,fireevent_arsoninitialobservation,true,2026-08-12T13:23:30.979098Z,2026-08-12T13:23:30.979098Z,null,ArsonInitialObservationID,1,null,null,true
43,FireEvent,ArsonInitialObservationObservationModValue,fireevent_arsoninitialobservationobservationmodvalue,true,2026-08-12T13:23:30.979098Z,2026-08-12T13:23:30.979098Z,null,ArsonInitialObservationID,1,null,null,true
44,FireEvent,ArsonJuvenile,fireevent_arsonjuvenile,true,2026-08-12T13:23:30.979098Z,2026-08-12T13:23:30.979098Z,null,ArsonJuvenileID,1,null,null,true
45,FireEvent,ArsonJuvenileAccelerantUsedModValue,fireevent_arsonjuvenileaccelerantusedmodvalue,true,2026-08-12T13:23:30.979098Z,2026-08-12T13:23:30.979098Z,null,ArsonJuvenileID,1,null,null,true
46,FireEvent,ArsonJuvenileDispositionModValue,fireevent_arsonjuveniledispositionmodvalue,true,2026-08-12T13:23:30.979098Z,2026-08-12T13:23:30.979098Z,null,ArsonJuvenileID,1,null,null,true
47,FireEvent,ArsonJuvenileEthnicityModValue,fireevent_arsonjuvenileethnicitymodvalue,true,2026-08-12T13:23:30.979098Z,2026-08-12T13:23:30.979098Z,null,ArsonJuvenileID,1,null,null,true
48,FireEvent,ArsonJuvenileFamilyTypeModValue,fireevent_arsonjuvenilefamilytypemodvalue,true,2026-08-12T13:23:30.979098Z,2026-08-12T13:23:30.979098Z,null,ArsonJuvenileID,1,null,null,true
49,FireEvent,ArsonJuvenileGenderModValue,fireevent_arsonjuvenilegendermodvalue,true,2026-08-12T13:23:30.979098Z,2026-08-12T13:23:30.979098Z,null,ArsonJuvenileID,1,null,null,true
50,FireEvent,ArsonJuvenileMotivationFactorModValue,fireevent_arsonjuvenilemotivationfactormodvalue,true,2026-08-12T13:23:30.979098Z,2026-08-12T13:23:30.979098Z,null,ArsonJuvenileID,1,null,null,true
51,FireEvent,ArsonJuvenileRaceModValue,fireevent_arsonjuvenileracemodvalue,true,2026-08-12T13:23:30.979098Z,2026-08-12T13:23:30.979098Z,null,ArsonJuvenileID,1,null,null,true
52,FireEvent,ArsonJuvenileRiskFactor,fireevent_arsonjuvenileriskfactor,true,2026-08-12T13:23:30.979098Z,2026-08-12T13:23:30.979098Z,null,ArsonJuvenileRiskFactorID,1,null,null,true
53,FireEvent,ArsonJuvenileRiskFactorRiskFactorModValue,fireevent_arsonjuvenileriskfactorriskfactormodvalue,true,2026-08-12T13:23:30.979098Z,2026-08-12T13:23:30.979098Z,null,ArsonJuvenileRiskFactorID,1,null,null,true
54,FireEvent,ArsonLaboratory,fireevent_arsonlaboratory,true,2026-08-12T13:23:30.979098Z,2026-08-12T13:23:30.979098Z,null,ArsonLaboratoryID,1,null,null,true
55,FireEvent,ArsonLaboratoryModValue,fireevent_arsonlaboratorymodvalue,true,2026-08-12T13:23:30.979098Z,2026-08-12T13:23:30.979098Z,null,ArsonLaboratoryID,1,null,null,true
56,FireEvent,ArsonPropertyOwnershipModValue,fireevent_arsonpropertyownershipmodvalue,true,2026-08-12T13:23:30.979098Z,2026-08-12T13:23:30.979098Z,null,IncidentID,1,null,null,true
57,FireEvent,ArsonSuspectedFactor,fireevent_arsonsuspectedfactor,true,2026-08-12T13:23:30.979098Z,2026-08-12T13:23:30.979098Z,null,ArsonSuspectedFactorID,1,null,null,true
58,FireEvent,ArsonSuspectedFactorSuspectedFactorModValue,fireevent_arsonsuspectedfactorsuspectedfactormodvalue,true,2026-08-12T13:23:30.979098Z,2026-08-12T13:23:30.979098Z,null,ArsonSuspectedFactorID,1,null,null,true
61,FireEvent,CADDownloadAttempt,fireevent_caddownloadattempt,true,2026-08-12T13:23:30.979098Z,2026-08-12T13:23:30.979098Z,null,CADDownloadAttemptID,1,null,null,true
63,FireEvent,CADIncident,fireevent_cadincident,true,2026-08-12T13:23:30.979098Z,2026-08-12T13:23:30.979098Z,null,IncidentID,1,null,null,true
64,FireEvent,Circumstance,fireevent_circumstance,true,2026-08-12T13:23:30.979098Z,2026-08-12T13:23:30.979098Z,null,CircumstanceID,1,null,null,true
65,FireEvent,CircumstanceCircumstanceModValue,fireevent_circumstancecircumstancemodvalue,true,2026-08-12T13:23:30.979098Z,2026-08-12T13:23:30.979098Z,null,CircumstanceID,1,null,null,true
67,FireEvent,CivilianCasualtyActivityModValue,fireevent_civiliancasualtyactivitymodvalue,true,2026-08-12T13:23:30.979098Z,2026-08-12T13:23:30.979098Z,null,CivilianCasualtyID,1,null,null,true
68,FireEvent,CivilianCasualtyAffiliationModValue,fireevent_civiliancasualtyaffiliationmodvalue,true,2026-08-12T13:23:30.979098Z,2026-08-12T13:23:30.979098Z,null,CivilianCasualtyID,1,null,null,true
69,FireEvent,CivilianCasualtyEthnicityModValue,fireevent_civiliancasualtyethnicitymodvalue,true,2026-08-12T13:23:30.979098Z,2026-08-12T13:23:30.979098Z,null,CivilianCasualtyID,1,null,null,true
70,FireEvent,CivilianCasualtyGenderModValue,fireevent_civiliancasualtygendermodvalue,true,2026-08-12T13:23:30.979098Z,2026-08-12T13:23:30.979098Z,null,CivilianCasualtyID,1,null,null,true
71,FireEvent,CivilianCasualtyInjury,fireevent_civiliancasualtyinjury,true,2026-08-12T13:23:30.979098Z,2026-08-12T13:23:30.979098Z,null,CivilianCasualtyID,1,null,null,true
72,FireEvent,CivilianCasualtyInjuryCauseOfInjuryModValue,fireevent_civiliancasualtyinjurycauseofinjurymodvalue,true,2026-08-12T13:23:30.979098Z,2026-08-12T13:23:30.979098Z,null,CivilianCasualtyID,1,null,null,true
73,FireEvent,CivilianCasualtyInjuryFactor,fireevent_civiliancasualtyinjuryfactor,true,2026-08-12T13:23:30.979098Z,2026-08-12T13:23:30.979098Z,null,CivilianCasualtyInjuryFactorID,1,null,null,true
74,FireEvent,CivilianCasualtyInjuryFactorModValue,fireevent_civiliancasualtyinjuryfactormodvalue,true,2026-08-12T13:23:30.979098Z,2026-08-12T13:23:30.979098Z,null,CivilianCasualtyInjuryFactorID,1,null,null,true
75,FireEvent,CivilianCasualtyInjuryHumanFactor,fireevent_civiliancasualtyinjuryhumanfactor,true,2026-08-12T13:23:30.979098Z,2026-08-12T13:23:30.979098Z,null,CivilianCasualtyInjuryHumanFactorID,1,null,null,true
76,FireEvent,CivilianCasualtyInjuryHumanFactorModValue,fireevent_civiliancasualtyinjuryhumanfactormodvalue,true,2026-08-12T13:23:30.979098Z,2026-08-12T13:23:30.979098Z,null,CivilianCasualtyInjuryHumanFactorID,1,null,null,true
77,FireEvent,CivilianCasualtyInjuryPrimaryBodyInjuredModValue,fireevent_civiliancasualtyinjuryprimarybodyinjuredmodvalue,true,2026-08-12T13:23:30.979098Z,2026-08-12T13:23:30.979098Z,null,CivilianCasualtyID,1,null,null,true
78,FireEvent,CivilianCasualtyInjuryPrimarySymptomModValue,fireevent_civiliancasualtyinjuryprimarysymptommodvalue,true,2026-08-12T13:23:30.979098Z,2026-08-12T13:23:30.979098Z,null,CivilianCasualtyID,1,null,null,true
79,FireEvent,CivilianCasualtyInjurySeverityModValue,fireevent_civiliancasualtyinjuryseveritymodvalue,true,2026-08-12T13:23:30.979098Z,2026-08-12T13:23:30.979098Z,null,CivilianCasualtyID,1,null,null,true
80,FireEvent,CivilianCasualtyLocation,fireevent_civiliancasualtylocation,true,2026-08-12T13:23:30.979098Z,2026-08-12T13:23:30.979098Z,null,CivilianCasualtyID,1,null,null,true
81,FireEvent,CivilianCasualtyLocationDispositionModValue,fireevent_civiliancasualtylocationdispositionmodvalue,true,2026-08-12T13:23:30.979098Z,2026-08-12T13:23:30.979098Z,null,CivilianCasualtyID,1,null,null,true
82,FireEvent,CivilianCasualtyLocationGeneralLocationModValue,fireevent_civiliancasualtylocationgenerallocationmodvalue,true,2026-08-12T13:23:30.979098Z,2026-08-12T13:23:30.979098Z,null,CivilianCasualtyID,1,null,null,true
83,FireEvent,CivilianCasualtyLocationLocationModValue,fireevent_civiliancasualtylocationlocationmodvalue,true,2026-08-12T13:23:30.979098Z,2026-08-12T13:23:30.979098Z,null,CivilianCasualtyID,1,null,null,true
84,FireEvent,CivilianCasualtyLocationSpecificLocationModValue,fireevent_civiliancasualtylocationspecificlocationmodvalue,true,2026-08-12T13:23:30.979098Z,2026-08-12T13:23:30.979098Z,null,CivilianCasualtyID,1,null,null,true
85,FireEvent,CivilianCasualtyLocationStoryAtStart,fireevent_civiliancasualtylocationstoryatstart,true,2026-08-12T13:23:30.979098Z,2026-08-12T13:23:30.979098Z,null,CivilianCasualtyID,1,null,null,true
86,FireEvent,CivilianCasualtyLocationStoryAtStartBelowGradeModValue,fireevent_civiliancasualtylocationstoryatstartbelowgrademodvalue,true,2026-08-12T13:23:30.979098Z,2026-08-12T13:23:30.979098Z,null,CivilianCasualtyID,1,null,null,true
87,FireEvent,CivilianCasualtyLocationStoryInjuryOccurred,fireevent_civiliancasualtylocationstoryinjuryoccurred,true,2026-08-12T13:23:30.979098Z,2026-08-12T13:23:30.979098Z,null,CivilianCasualtyID,1,null,null,true
88,FireEvent,CivilianCasualtyLocationStoryInjuryOccurredBelowGradeModValue,fireevent_civiliancasualtylocationstoryinjuryoccurredbelowgrademodvalue,true,2026-08-12T13:23:30.979098Z,2026-08-12T13:23:30.979098Z,null,CivilianCasualtyID,1,null,null,true
89,FireEvent,CivilianCasualtyRaceModValue,fireevent_civiliancasualtyracemodvalue,true,2026-08-12T13:23:30.979098Z,2026-08-12T13:23:30.979098Z,null,CivilianCasualtyID,1,null,null,true
92,FireEvent,FireServiceCasualtyActivityModValue,fireevent_fireservicecasualtyactivitymodvalue,true,2026-08-12T13:23:30.979098Z,2026-08-12T13:23:30.979098Z,null,FireServiceCasualtyID,1,null,null,true
93,FireEvent,FireServiceCasualtyEquipmentFailureModValue,fireevent_fireservicecasualtyequipmentfailuremodvalue,true,2026-08-12T13:23:30.979098Z,2026-08-12T13:23:30.979098Z,null,FireServiceCasualtyID,1,null,null,true
94,FireEvent,FireServiceCasualtyFireServiceTypeModValue,fireevent_fireservicecasualtyfireservicetypemodvalue,true,2026-08-12T13:23:30.979098Z,2026-08-12T13:23:30.979098Z,null,FireServiceCasualtyID,1,null,null,true
95,FireEvent,FireServiceCasualtyGenderModValue,fireevent_fireservicecasualtygendermodvalue,true,2026-08-12T13:23:30.979098Z,2026-08-12T13:23:30.979098Z,null,FireServiceCasualtyID,1,null,null,true
96,FireEvent,FireServiceCasualtyInjury,fireevent_fireservicecasualtyinjury,true,2026-08-12T13:23:30.979098Z,2026-08-12T13:23:30.979098Z,null,FireServiceCasualtyID,1,null,null,true
97,FireEvent,FireServiceCasualtyInjuryBodyPartInjuredModValue,fireevent_fireservicecasualtyinjurybodypartinjuredmodvalue,true,2026-08-12T13:23:30.979098Z,2026-08-12T13:23:30.979098Z,null,FireServiceCasualtyID,1,null,null,true
98,FireEvent,FireServiceCasualtyInjuryCauseofInjuryModValue,fireevent_fireservicecasualtyinjurycauseofinjurymodvalue,true,2026-08-12T13:23:30.979098Z,2026-08-12T13:23:30.979098Z,null,FireServiceCasualtyID,1,null,null,true
99,FireEvent,FireServiceCasualtyInjuryFactorModValue,fireevent_fireservicecasualtyinjuryfactormodvalue,true,2026-08-12T13:23:30.979098Z,2026-08-12T13:23:30.979098Z,null,FireServiceCasualtyID,1,null,null,true
100,FireEvent,FireServiceCasualtyInjuryInjuryInsideOutsideModValue,fireevent_fireservicecasualtyinjuryinjuryinsideoutsidemodvalue,true,2026-08-12T13:23:30.979098Z,2026-08-12T13:23:30.979098Z,null,FireServiceCasualtyID,1,null,null,true
101,FireEvent,FireServiceCasualtyInjuryObjectInvolvedModValue,fireevent_fireservicecasualtyinjuryobjectinvolvedmodvalue,true,2026-08-12T13:23:30.979098Z,2026-08-12T13:23:30.979098Z,null,FireServiceCasualtyID,1,null,null,true
102,FireEvent,FireServiceCasualtyInjuryPhysicalConditionPriorModValue,fireevent_fireservicecasualtyinjuryphysicalconditionpriormodvalue,true,2026-08-12T13:23:30.979098Z,2026-08-12T13:23:30.979098Z,null,FireServiceCasualtyID,1,null,null,true
103,FireEvent,FireServiceCasualtyInjuryPrimarySymptomModValue,fireevent_fireservicecasualtyinjuryprimarysymptommodvalue,true,2026-08-12T13:23:30.979098Z,2026-08-12T13:23:30.979098Z,null,FireServiceCasualtyID,1,null,null,true
104,FireEvent,FireServiceCasualtyInjurySeverityModValue,fireevent_fireservicecasualtyinjuryseveritymodvalue,true,2026-08-12T13:23:30.979098Z,2026-08-12T13:23:30.979098Z,null,FireServiceCasualtyID,1,null,null,true
105,FireEvent,FireServiceCasualtyLocation,fireevent_fireservicecasualtylocation,true,2026-08-12T13:23:30.979098Z,2026-08-12T13:23:30.979098Z,null,FireServiceCasualtyID,1,null,null,true
106,FireEvent,FireServiceCasualtyLocationSpecificLocationModValue,fireevent_fireservicecasualtylocationspecificlocationmodvalue,true,2026-08-12T13:23:30.979098Z,2026-08-12T13:23:30.979098Z,null,FireServiceCasualtyID,1,null,null,true
107,FireEvent,FireServiceCasualtyLocationTransportedModValue,fireevent_fireservicecasualtylocationtransportedmodvalue,true,2026-08-12T13:23:30.979098Z,2026-08-12T13:23:30.979098Z,null,FireServiceCasualtyID,1,null,null,true
108,FireEvent,FireServiceCasualtyLocationWhereInjuryOccurredModValue,fireevent_fireservicecasualtylocationwhereinjuryoccurredmodvalue,true,2026-08-12T13:23:30.979098Z,2026-08-12T13:23:30.979098Z,null,FireServiceCasualtyID,1,null,null,true
109,FireEvent,FireServiceCasualtyProtectiveEquipment,fireevent_fireservicecasualtyprotectiveequipment,true,2026-08-12T13:23:30.979098Z,2026-08-12T13:23:30.979098Z,null,FireServiceCasualtyProtectiveEquipmentID,1,null,null,true
110,FireEvent,FireServiceCasualtyProtectiveEquipmentItemModValue,fireevent_fireservicecasualtyprotectiveequipmentitemmodvalue,true,2026-08-12T13:23:30.979098Z,2026-08-12T13:23:30.979098Z,null,FireServiceCasualtyProtectiveEquipmentID,1,null,null,true
111,FireEvent,FireServiceCasualtyProtectiveEquipmentProblemModValue,fireevent_fireservicecasualtyprotectiveequipmentproblemmodvalue,true,2026-08-12T13:23:30.979098Z,2026-08-12T13:23:30.979098Z,null,FireServiceCasualtyProtectiveEquipmentID,1,null,null,true
112,FireEvent,FireServiceCasualtyUsualAssignmentModValue,fireevent_fireservicecasualtyusualassignmentmodvalue,true,2026-08-12T13:23:30.979098Z,2026-08-12T13:23:30.979098Z,null,FireServiceCasualtyID,1,null,null,true
113,FireEvent,FireServiceCasualtyVehicleTypeModValue,fireevent_fireservicecasualtyvehicletypemodvalue,true,2026-08-12T13:23:30.979098Z,2026-08-12T13:23:30.979098Z,null,FireServiceCasualtyID,1,null,null,true
117,FireEvent,HazMatActionTaken,fireevent_hazmatactiontaken,true,2026-08-12T13:23:30.979098Z,2026-08-12T13:23:30.979098Z,null,HazMatActionTakenID,1,null,null,true
118,FireEvent,HazMatActionTakenActionTakenModValue,fireevent_hazmatactiontakenactiontakenmodvalue,true,2026-08-12T13:23:30.979098Z,2026-08-12T13:23:30.979098Z,null,HazMatActionTakenID,1,null,null,true
119,FireEvent,HazMatAgencyResponding,fireevent_hazmatagencyresponding,true,2026-08-12T13:23:30.979098Z,2026-08-12T13:23:30.979098Z,null,HazMatAgencyRespondingID,1,null,null,true
120,FireEvent,HazMatAgencyRespondingAgencyTypeModValue,fireevent_hazmatagencyrespondingagencytypemodvalue,true,2026-08-12T13:23:30.979098Z,2026-08-12T13:23:30.979098Z,null,HazMatAgencyRespondingID,1,null,null,true
121,FireEvent,HazMatAreaAffectedModValue,fireevent_hazmatareaaffectedmodvalue,true,2026-08-12T13:23:30.979098Z,2026-08-12T13:23:30.979098Z,null,HazMatID,1,null,null,true
122,FireEvent,HazMatAreaEvacuatedModValue,fireevent_hazmatareaevacuatedmodvalue,true,2026-08-12T13:23:30.979098Z,2026-08-12T13:23:30.979098Z,null,HazMatID,1,null,null,true
123,FireEvent,HazMatBuildingEvacuatedCountModValue,fireevent_hazmatbuildingevacuatedcountmodvalue,true,2026-08-12T13:23:30.979098Z,2026-08-12T13:23:30.979098Z,null,HazMatID,1,null,null,true
124,FireEvent,HazMatCapacityVolumeUnitsModValue,fireevent_hazmatcapacityvolumeunitsmodvalue,true,2026-08-12T13:23:30.979098Z,2026-08-12T13:23:30.979098Z,null,HazMatID,1,null,null,true
125,FireEvent,HazMatCasualty,fireevent_hazmatcasualty,true,2026-08-12T13:23:30.979098Z,2026-08-12T13:23:30.979098Z,null,HazMatID,1,null,null,true
126,FireEvent,HazMatCauseOfReleaseModValue,fireevent_hazmatcauseofreleasemodvalue,true,2026-08-12T13:23:30.979098Z,2026-08-12T13:23:30.979098Z,null,HazMatID,1,null,null,true
127,FireEvent,HazMatContainerTypeModValue,fireevent_hazmatcontainertypemodvalue,true,2026-08-12T13:23:30.979098Z,2026-08-12T13:23:30.979098Z,null,HazMatID,1,null,null,true
128,FireEvent,HazMatDOTHazardClassificationModValue,fireevent_hazmatdothazardclassificationmodvalue,true,2026-08-12T13:23:30.979098Z,2026-08-12T13:23:30.979098Z,null,HazMatID,1,null,null,true
129,FireEvent,HazMatEquipmentInvolved,fireevent_hazmatequipmentinvolved,true,2026-08-12T13:23:30.979098Z,2026-08-12T13:23:30.979098Z,null,HazMatID,1,null,null,true
130,FireEvent,HazMatEquipmentInvolvedModValue,fireevent_hazmatequipmentinvolvedmodvalue,true,2026-08-12T13:23:30.979098Z,2026-08-12T13:23:30.979098Z,null,HazMatID,1,null,null,true
131,FireEvent,HazMatFirstOcurredModValue,fireevent_hazmatfirstocurredmodvalue,true,2026-08-12T13:23:30.979098Z,2026-08-12T13:23:30.979098Z,null,HazMatID,1,null,null,true
132,FireEvent,HazMatHazMatDispositionModValue,fireevent_hazmathazmatdispositionmodvalue,true,2026-08-12T13:23:30.979098Z,2026-08-12T13:23:30.979098Z,null,HazMatID,1,null,null,true
133,FireEvent,HazMatMitigationFactor,fireevent_hazmatmitigationfactor,true,2026-08-12T13:23:30.979098Z,2026-08-12T13:23:30.979098Z,null,HazMatMitigationFactorID,1,null,null,true
134,FireEvent,HazMatMitigationFactorMitigationFactorModValue,fireevent_hazmatmitigationfactormitigationfactormodvalue,true,2026-08-12T13:23:30.979098Z,2026-08-12T13:23:30.979098Z,null,HazMatMitigationFactorID,1,null,null,true
135,FireEvent,HazMatMobilePropertyInvolved,fireevent_hazmatmobilepropertyinvolved,true,2026-08-12T13:23:30.979098Z,2026-08-12T13:23:30.979098Z,null,HazMatID,1,null,null,true
136,FireEvent,HazMatMobilePropertyInvolvedMakeModValue,fireevent_hazmatmobilepropertyinvolvedmakemodvalue,true,2026-08-12T13:23:30.979098Z,2026-08-12T13:23:30.979098Z,null,HazMatID,1,null,null,true
137,FireEvent,HazMatMobilePropertyInvolvedPropertyInvolvedModValue,fireevent_hazmatmobilepropertyinvolvedpropertyinvolvedmodvalue,true,2026-08-12T13:23:30.979098Z,2026-08-12T13:23:30.979098Z,null,HazMatID,1,null,null,true
138,FireEvent,HazMatMobilePropertyInvolvedTypeModValue,fireevent_hazmatmobilepropertyinvolvedtypemodvalue,true,2026-08-12T13:23:30.979098Z,2026-08-12T13:23:30.979098Z,null,HazMatID,1,null,null,true
139,FireEvent,HazMatPhysicalStateModValue,fireevent_hazmatphysicalstatemodvalue,true,2026-08-12T13:23:30.979098Z,2026-08-12T13:23:30.979098Z,null,HazMatID,1,null,null,true
140,FireEvent,HazMatPopulationDensityModValue,fireevent_hazmatpopulationdensitymodvalue,true,2026-08-12T13:23:30.979098Z,2026-08-12T13:23:30.979098Z,null,HazMatID,1,null,null,true
141,FireEvent,HazMatReleasedInsideOutsideModValue,fireevent_hazmatreleasedinsideoutsidemodvalue,true,2026-08-12T13:23:30.979098Z,2026-08-12T13:23:30.979098Z,null,HazMatID,1,null,null,true
142,FireEvent,HazMatReleasedIntoModValue,fireevent_hazmatreleasedintomodvalue,true,2026-08-12T13:23:30.979098Z,2026-08-12T13:23:30.979098Z,null,HazMatID,1,null,null,true
143,FireEvent,HazMatReleasedVolumeUnitsModValue,fireevent_hazmatreleasedvolumeunitsmodvalue,true,2026-08-12T13:23:30.979098Z,2026-08-12T13:23:30.979098Z,null,HazMatID,1,null,null,true
144,FireEvent,HazMatReleasedWeightUnitsModValue,fireevent_hazmatreleasedweightunitsmodvalue,true,2026-08-12T13:23:30.979098Z,2026-08-12T13:23:30.979098Z,null,HazMatID,1,null,null,true
145,FireEvent,HazMatReleaseFactor,fireevent_hazmatreleasefactor,true,2026-08-12T13:23:30.979098Z,2026-08-12T13:23:30.979098Z,null,HazMatReleaseFactorID,1,null,null,true
146,FireEvent,HazMatReleaseFactorReleaseFactorModValue,fireevent_hazmatreleasefactorreleasefactormodvalue,true,2026-08-12T13:23:30.979098Z,2026-08-12T13:23:30.979098Z,null,HazMatReleaseFactorID,1,null,null,true
147,FireEvent,HazMatResponsibleParty,fireevent_hazmatresponsibleparty,true,2026-08-12T13:23:30.979098Z,2026-08-12T13:23:30.979098Z,null,HazMatResponsiblePartyID,1,null,null,true
148,FireEvent,HazMatResponsiblePartyAddress,fireevent_hazmatresponsiblepartyaddress,true,2026-08-12T13:23:30.979098Z,2026-08-12T13:23:30.979098Z,null,HazMatResponsiblePartyID,1,null,null,true
149,FireEvent,HazMatResponsiblePartyAddressStreetPrefixModValue,fireevent_hazmatresponsiblepartyaddressstreetprefixmodvalue,true,2026-08-12T13:23:30.979098Z,2026-08-12T13:23:30.979098Z,null,HazMatResponsiblePartyID,1,null,null,true
150,FireEvent,HazMatResponsiblePartyAddressStreetSuffixModValue,fireevent_hazmatresponsiblepartyaddressstreetsuffixmodvalue,true,2026-08-12T13:23:30.979098Z,2026-08-12T13:23:30.979098Z,null,HazMatResponsiblePartyID,1,null,null,true
151,FireEvent,HazMatResponsiblePartyAddressStreetTypeModValue,fireevent_hazmatresponsiblepartyaddressstreettypemodvalue,true,2026-08-12T13:23:30.979098Z,2026-08-12T13:23:30.979098Z,null,HazMatResponsiblePartyID,1,null,null,true
152,FireEvent,HazMatResponsiblePartyTypeModValue,fireevent_hazmatresponsiblepartytypemodvalue,true,2026-08-12T13:23:30.979098Z,2026-08-12T13:23:30.979098Z,null,HazMatResponsiblePartyID,1,null,null,true
153,FireEvent,HazMatStoryOfReleaseBelowGradeModValue,fireevent_hazmatstoryofreleasebelowgrademodvalue,true,2026-08-12T13:23:30.979098Z,2026-08-12T13:23:30.979098Z,null,HazMatID,1,null,null,true
154,FireEvent,HazMatSuitPPELevelModValue,fireevent_hazmatsuitppelevelmodvalue,true,2026-08-12T13:23:30.979098Z,2026-08-12T13:23:30.979098Z,null,HazMatID,1,null,null,true
155,FireEvent,HazMatTierLevelModValue,fireevent_hazmattierlevelmodvalue,true,2026-08-12T13:23:30.979098Z,2026-08-12T13:23:30.979098Z,null,HazMatID,1,null,null,true
156,FireEvent,HazMatVCapacityWeightUnitsModValue,fireevent_hazmatvcapacityweightunitsmodvalue,true,2026-08-12T13:23:30.979098Z,2026-08-12T13:23:30.979098Z,null,HazMatID,1,null,null,true
172,FireEvent,IncidentCasualty,fireevent_incidentcasualty,true,2026-08-12T13:23:30.979098Z,2026-08-12T13:23:30.979098Z,null,IncidentID,1,null,null,true
173,FireEvent,IncidentContentLossModValue,fireevent_incidentcontentlossmodvalue,true,2026-08-12T13:23:30.979098Z,2026-08-12T13:23:30.979098Z,null,IncidentID,1,null,null,true
174,FireEvent,IncidentContentPreIncidentValueModValue,fireevent_incidentcontentpreincidentvaluemodvalue,true,2026-08-12T13:23:30.979098Z,2026-08-12T13:23:30.979098Z,null,IncidentID,1,null,null,true
175,FireEvent,IncidentCQIScore,fireevent_incidentcqiscore,true,2026-08-12T13:23:30.979098Z,2026-08-12T13:23:30.979098Z,null,IncidentID,1,null,null,true
176,FireEvent,IncidentFileAddendum,fireevent_incidentfileaddendum,true,2026-08-12T13:23:30.979098Z,2026-08-12T13:23:30.979098Z,null,IncidentFileAddendumID,1,null,null,true
177,FireEvent,IncidentFileAttachment,fireevent_incidentfileattachment,true,2026-08-12T13:23:30.979098Z,2026-08-12T13:23:30.979098Z,null,IncidentFileAttachmentID,1,null,null,true
178,FireEvent,IncidentIgnitionPoint,fireevent_incidentignitionpoint,true,2026-08-12T13:23:30.979098Z,2026-08-12T13:23:30.979098Z,null,IncidentID,1,null,null,true
184,FireEvent,IncidentPropertyLossModValue,fireevent_incidentpropertylossmodvalue,true,2026-08-12T13:23:30.979098Z,2026-08-12T13:23:30.979098Z,null,IncidentID,1,null,null,true
185,FireEvent,IncidentPropertyPreIncidentValueModValue,fireevent_incidentpropertypreincidentvaluemodvalue,true,2026-08-12T13:23:30.979098Z,2026-08-12T13:23:30.979098Z,null,IncidentID,1,null,null,true
186,FireEvent,IncidentResource,fireevent_incidentresource,true,2026-08-12T13:23:30.979098Z,2026-08-12T13:23:30.979098Z,null,IncidentID,1,null,null,true
194,FireEvent,IncidentValidationAction,fireevent_incidentvalidationaction,true,2026-08-12T13:23:30.979098Z,2026-08-12T13:23:30.979098Z,null,"IncidentID,ValidationActionID",1,null,null,true
195,FireEvent,MakeOfPersonInvolvedVehicleModValue,fireevent_makeofpersoninvolvedvehiclemodvalue,true,2026-08-12T13:23:30.979098Z,2026-08-12T13:23:30.979098Z,null,PersonInvolvedID,1,null,null,true
197,FireEvent,NarrativeOther,fireevent_narrativeother,true,2026-08-12T13:23:30.979098Z,2026-08-12T13:23:30.979098Z,null,NarrativeOtherID,1,null,null,true
198,FireEvent,Patient,fireevent_patient,true,2026-08-12T13:23:30.979098Z,2026-08-12T13:23:30.979098Z,null,PatientID,1,null,null,true
199,FireEvent,PatientBodyInjury,fireevent_patientbodyinjury,true,2026-08-12T13:23:30.979098Z,2026-08-12T13:23:30.979098Z,null,PatientBodyInjuryID,1,null,null,true
200,FireEvent,PatientBodyInjuryBodySiteModValue,fireevent_patientbodyinjurybodysitemodvalue,true,2026-08-12T13:23:30.979098Z,2026-08-12T13:23:30.979098Z,null,PatientBodyInjuryID,1,null,null,true
201,FireEvent,PatientBodyInjuryInjuryTypeModValue,fireevent_patientbodyinjuryinjurytypemodvalue,true,2026-08-12T13:23:30.979098Z,2026-08-12T13:23:30.979098Z,null,PatientBodyInjuryID,1,null,null,true
202,FireEvent,PatientEMS,fireevent_patientems,true,2026-08-12T13:23:30.979098Z,2026-08-12T13:23:30.979098Z,null,PatientID,1,null,null,true
203,FireEvent,PatientEMSArrestWitnessedModValue,fireevent_patientemsarrestwitnessedmodvalue,true,2026-08-12T13:23:30.979098Z,2026-08-12T13:23:30.979098Z,null,PatientID,1,null,null,true
204,FireEvent,PatientEMSCauseOfInjuryModValue,fireevent_patientemscauseofinjurymodvalue,true,2026-08-12T13:23:30.979098Z,2026-08-12T13:23:30.979098Z,null,PatientID,1,null,null,true
205,FireEvent,PatientEMSEMSDispositionModValue,fireevent_patientemsemsdispositionmodvalue,true,2026-08-12T13:23:30.979098Z,2026-08-12T13:23:30.979098Z,null,PatientID,1,null,null,true
206,FireEvent,PatientEMSHighestLevelOfCareModValue,fireevent_patientemshighestlevelofcaremodvalue,true,2026-08-12T13:23:30.979098Z,2026-08-12T13:23:30.979098Z,null,PatientID,1,null,null,true
207,FireEvent,PatientEMSInitialArrestRhythmModValue,fireevent_patientemsinitialarrestrhythmmodvalue,true,2026-08-12T13:23:30.979098Z,2026-08-12T13:23:30.979098Z,null,PatientID,1,null,null,true
208,FireEvent,PatientEMSInitialLevelOfProviderModValue,fireevent_patientemsinitiallevelofprovidermodvalue,true,2026-08-12T13:23:30.979098Z,2026-08-12T13:23:30.979098Z,null,PatientID,1,null,null,true
209,FireEvent,PatientEMSOtherFactorModValue,fireevent_patientemsotherfactormodvalue,true,2026-08-12T13:23:30.979098Z,2026-08-12T13:23:30.979098Z,null,PatientID,1,null,null,true
210,FireEvent,PatientEMSProviderImpressionModValue,fireevent_patientemsproviderimpressionmodvalue,true,2026-08-12T13:23:30.979098Z,2026-08-12T13:23:30.979098Z,null,PatientID,1,null,null,true
211,FireEvent,PatientEMSPulseOnTransferModValue,fireevent_patientemspulseontransfermodvalue,true,2026-08-12T13:23:30.979098Z,2026-08-12T13:23:30.979098Z,null,PatientID,1,null,null,true
212,FireEvent,PatientEthnicityModValue,fireevent_patientethnicitymodvalue,true,2026-08-12T13:23:30.979098Z,2026-08-12T13:23:30.979098Z,null,PatientID,1,null,null,true
213,FireEvent,PatientGenderModValue,fireevent_patientgendermodvalue,true,2026-08-12T13:23:30.979098Z,2026-08-12T13:23:30.979098Z,null,PatientID,1,null,null,true
214,FireEvent,PatientHumanFactor,fireevent_patienthumanfactor,true,2026-08-12T13:23:30.979098Z,2026-08-12T13:23:30.979098Z,null,PatientHumanFactorID,1,null,null,true
215,FireEvent,PatientHumanFactorHumanFactorModValue,fireevent_patienthumanfactorhumanfactormodvalue,true,2026-08-12T13:23:30.979098Z,2026-08-12T13:23:30.979098Z,null,PatientHumanFactorID,1,null,null,true
216,FireEvent,PatientPatientStatusModValue,fireevent_patientpatientstatusmodvalue,true,2026-08-12T13:23:30.979098Z,2026-08-12T13:23:30.979098Z,null,PatientID,1,null,null,true
217,FireEvent,PatientPreArrivalCardiacArrest,fireevent_patientprearrivalcardiacarrest,true,2026-08-12T13:23:30.979098Z,2026-08-12T13:23:30.979098Z,null,PatientPreArrivalCardiacArrestID,1,null,null,true
218,FireEvent,PatientPreArrivalCardiacArrestPreArrivalArrestModValue,fireevent_patientprearrivalcardiacarrestprearrivalarrestmodvalue,true,2026-08-12T13:23:30.979098Z,2026-08-12T13:23:30.979098Z,null,PatientPreArrivalCardiacArrestID,1,null,null,true
219,FireEvent,PatientProcedure,fireevent_patientprocedure,true,2026-08-12T13:23:30.979098Z,2026-08-12T13:23:30.979098Z,null,PatientProcedureID,1,null,null,true
220,FireEvent,PatientProcedureProcedureNameModValue,fireevent_patientprocedureprocedurenamemodvalue,true,2026-08-12T13:23:30.979098Z,2026-08-12T13:23:30.979098Z,null,PatientProcedureID,1,null,null,true
221,FireEvent,PatientRaceModValue,fireevent_patientracemodvalue,true,2026-08-12T13:23:30.979098Z,2026-08-12T13:23:30.979098Z,null,PatientID,1,null,null,true
222,FireEvent,PatientSafetyEquipment,fireevent_patientsafetyequipment,true,2026-08-12T13:23:30.979098Z,2026-08-12T13:23:30.979098Z,null,PatientSafetyEquipmentID,1,null,null,true
223,FireEvent,PatientSafetyEquipmentSafetyEquipmentModValue,fireevent_patientsafetyequipmentsafetyequipmentmodvalue,true,2026-08-12T13:23:30.979098Z,2026-08-12T13:23:30.979098Z,null,PatientSafetyEquipmentID,1,null,null,true
224,FireEvent,PersonInvolved,fireevent_personinvolved,true,2026-08-12T13:23:30.979098Z,2026-08-12T13:23:30.979098Z,null,PersonInvolvedID,1,null,null,true
225,FireEvent,PersonInvolvedAddress,fireevent_personinvolvedaddress,true,2026-08-12T13:23:30.979098Z,2026-08-12T13:23:30.979098Z,null,PersonInvolvedID,1,null,null,true
226,FireEvent,PersonInvolvedAddressStreetPrefixModValue,fireevent_personinvolvedaddressstreetprefixmodvalue,true,2026-08-12T13:23:30.979098Z,2026-08-12T13:23:30.979098Z,null,PersonInvolvedID,1,null,null,true
227,FireEvent,PersonInvolvedAddressStreetSuffixModValue,fireevent_personinvolvedaddressstreetsuffixmodvalue,true,2026-08-12T13:23:30.979098Z,2026-08-12T13:23:30.979098Z,null,PersonInvolvedID,1,null,null,true
228,FireEvent,PersonInvolvedAddressStreetTypeModValue,fireevent_personinvolvedaddressstreettypemodvalue,true,2026-08-12T13:23:30.979098Z,2026-08-12T13:23:30.979098Z,null,PersonInvolvedID,1,null,null,true
229,FireEvent,PersonInvolvedPersonTypeModValue,fireevent_personinvolvedpersontypemodvalue,true,2026-08-12T13:23:30.979098Z,2026-08-12T13:23:30.979098Z,null,PersonInvolvedID,1,null,null,true
230,FireEvent,PersonInvolvedPrimaryLanguageModValue,fireevent_personinvolvedprimarylanguagemodvalue,true,2026-08-12T13:23:30.979098Z,2026-08-12T13:23:30.979098Z,null,PersonInvolvedID,1,null,null,true
231,FireEvent,PersonInvolvedSecondaryLanguageModValue,fireevent_personinvolvedsecondarylanguagemodvalue,true,2026-08-12T13:23:30.979098Z,2026-08-12T13:23:30.979098Z,null,PersonInvolvedID,1,null,null,true
232,FireEvent,PersonInvolvedSuffixModValue,fireevent_personinvolvedsuffixmodvalue,true,2026-08-12T13:23:30.979098Z,2026-08-12T13:23:30.979098Z,null,PersonInvolvedID,1,null,null,true
233,FireEvent,PersonInvolvedTitleModValue,fireevent_personinvolvedtitlemodvalue,true,2026-08-12T13:23:30.979098Z,2026-08-12T13:23:30.979098Z,null,PersonInvolvedID,1,null,null,true
234,FireEvent,PersonInvolvedVehicle,fireevent_personinvolvedvehicle,true,2026-08-12T13:23:30.979098Z,2026-08-12T13:23:30.979098Z,null,PersonInvolvedID,1,null,null,true
235,FireEvent,Property,fireevent_property,true,2026-08-12T13:23:30.979098Z,2026-08-12T13:23:30.979098Z,null,IncidentID,1,null,null,true
236,FireEvent,PropertyAcreageBurned,fireevent_propertyacreageburned,true,2026-08-12T13:23:30.979098Z,2026-08-12T13:23:30.979098Z,null,IncidentID,1,null,null,true
237,FireEvent,PropertyAcreageBurnedLessThanOneAcreBurnedModValue,fireevent_propertyacreageburnedlessthanoneacreburnedmodvalue,true,2026-08-12T13:23:30.979098Z,2026-08-12T13:23:30.979098Z,null,IncidentID,1,null,null,true
238,FireEvent,PropertyBuildingInvolvedCountModValue,fireevent_propertybuildinginvolvedcountmodvalue,true,2026-08-12T13:23:30.979098Z,2026-08-12T13:23:30.979098Z,null,IncidentID,1,null,null,true
239,FireEvent,PropertyIgnition,fireevent_propertyignition,true,2026-08-12T13:23:30.979098Z,2026-08-12T13:23:30.979098Z,null,IncidentID,1,null,null,true
240,FireEvent,PropertyIgnitionAreaOfFireOriginModValue,fireevent_propertyignitionareaoffireoriginmodvalue,true,2026-08-12T13:23:30.979098Z,2026-08-12T13:23:30.979098Z,null,IncidentID,1,null,null,true
241,FireEvent,PropertyIgnitionCauseOfIgnitionModValue,fireevent_propertyignitioncauseofignitionmodvalue,true,2026-08-12T13:23:30.979098Z,2026-08-12T13:23:30.979098Z,null,IncidentID,1,null,null,true
242,FireEvent,PropertyIgnitionEquipmentInvolved,fireevent_propertyignitionequipmentinvolved,true,2026-08-12T13:23:30.979098Z,2026-08-12T13:23:30.979098Z,null,IncidentID,1,null,null,true
243,FireEvent,PropertyIgnitionEquipmentInvolvedEquipmentInvolvedModValue,fireevent_propertyignitionequipmentinvolvedequipmentinvolvedmodvalue,true,2026-08-12T13:23:30.979098Z,2026-08-12T13:23:30.979098Z,null,IncidentID,1,null,null,true
244,FireEvent,PropertyIgnitionEquipmentInvolvedPortabilityModValue,fireevent_propertyignitionequipmentinvolvedportabilitymodvalue,true,2026-08-12T13:23:30.979098Z,2026-08-12T13:23:30.979098Z,null,IncidentID,1,null,null,true
245,FireEvent,PropertyIgnitionEquipmentInvolvedPowerSourceModValue,fireevent_propertyignitionequipmentinvolvedpowersourcemodvalue,true,2026-08-12T13:23:30.979098Z,2026-08-12T13:23:30.979098Z,null,IncidentID,1,null,null,true
246,FireEvent,PropertyIgnitionExposureReportModValue,fireevent_propertyignitionexposurereportmodvalue,true,2026-08-12T13:23:30.979098Z,2026-08-12T13:23:30.979098Z,null,IncidentID,1,null,null,true
247,FireEvent,PropertyIgnitionFactor,fireevent_propertyignitionfactor,true,2026-08-12T13:23:30.979098Z,2026-08-12T13:23:30.979098Z,null,PropertyIgnitionFactorID,1,null,null,true
248,FireEvent,PropertyIgnitionFactorIgnitionFactorModValue,fireevent_propertyignitionfactorignitionfactormodvalue,true,2026-08-12T13:23:30.979098Z,2026-08-12T13:23:30.979098Z,null,PropertyIgnitionFactorID,1,null,null,true
249,FireEvent,PropertyIgnitionFireSpreadConfinedModValue,fireevent_propertyignitionfirespreadconfinedmodvalue,true,2026-08-12T13:23:30.979098Z,2026-08-12T13:23:30.979098Z,null,IncidentID,1,null,null,true
250,FireEvent,PropertyIgnitionGenderModValue,fireevent_propertyignitiongendermodvalue,true,2026-08-12T13:23:30.979098Z,2026-08-12T13:23:30.979098Z,null,IncidentID,1,null,null,true
251,FireEvent,PropertyIgnitionHeatSourceModValue,fireevent_propertyignitionheatsourcemodvalue,true,2026-08-12T13:23:30.979098Z,2026-08-12T13:23:30.979098Z,null,IncidentID,1,null,null,true
252,FireEvent,PropertyIgnitionHumanFactor,fireevent_propertyignitionhumanfactor,true,2026-08-12T13:23:30.979098Z,2026-08-12T13:23:30.979098Z,null,PropertyIgnitionHumanFactorID,1,null,null,true
253,FireEvent,PropertyIgnitionHumanFactorHumanFactorModValue,fireevent_propertyignitionhumanfactorhumanfactormodvalue,true,2026-08-12T13:23:30.979098Z,2026-08-12T13:23:30.979098Z,null,PropertyIgnitionHumanFactorID,1,null,null,true
254,FireEvent,PropertyIgnitionItemFirstIgnitedModValue,fireevent_propertyignitionitemfirstignitedmodvalue,true,2026-08-12T13:23:30.979098Z,2026-08-12T13:23:30.979098Z,null,IncidentID,1,null,null,true
255,FireEvent,PropertyIgnitionMobileInvolved,fireevent_propertyignitionmobileinvolved,true,2026-08-12T13:23:30.979098Z,2026-08-12T13:23:30.979098Z,null,IncidentID,1,null,null,true
256,FireEvent,PropertyIgnitionMobileInvolvedCarStolenModValue,fireevent_propertyignitionmobileinvolvedcarstolenmodvalue,true,2026-08-12T13:23:30.979098Z,2026-08-12T13:23:30.979098Z,null,IncidentID,1,null,null,true
257,FireEvent,PropertyIgnitionMobileInvolvedMakeModValue,fireevent_propertyignitionmobileinvolvedmakemodvalue,true,2026-08-12T13:23:30.979098Z,2026-08-12T13:23:30.979098Z,null,IncidentID,1,null,null,true
258,FireEvent,PropertyIgnitionMobileInvolvedMobileInvolvedModValue,fireevent_propertyignitionmobileinvolvedmobileinvolvedmodvalue,true,2026-08-12T13:23:30.979098Z,2026-08-12T13:23:30.979098Z,null,IncidentID,1,null,null,true
259,FireEvent,PropertyIgnitionMobileInvolvedTypeModValue,fireevent_propertyignitionmobileinvolvedtypemodvalue,true,2026-08-12T13:23:30.979098Z,2026-08-12T13:23:30.979098Z,null,IncidentID,1,null,null,true
260,FireEvent,PropertyIgnitionTypeOfMaterialModValue,fireevent_propertyignitiontypeofmaterialmodvalue,true,2026-08-12T13:23:30.979098Z,2026-08-12T13:23:30.979098Z,null,IncidentID,1,null,null,true
261,FireEvent,PropertyOnSiteMaterial,fireevent_propertyonsitematerial,true,2026-08-12T13:23:30.979098Z,2026-08-12T13:23:30.979098Z,null,PropertyOnSiteMaterialID,1,null,null,true
262,FireEvent,PropertyOnSiteMaterialMaterialModValue,fireevent_propertyonsitematerialmaterialmodvalue,true,2026-08-12T13:23:30.979098Z,2026-08-12T13:23:30.979098Z,null,PropertyOnSiteMaterialID,1,null,null,true
263,FireEvent,PropertyOnSiteMaterialMaterialStorageModValue,fireevent_propertyonsitematerialmaterialstoragemodvalue,true,2026-08-12T13:23:30.979098Z,2026-08-12T13:23:30.979098Z,null,PropertyOnSiteMaterialID,1,null,null,true
264,FireEvent,PropertySuppressionFactor,fireevent_propertysuppressionfactor,true,2026-08-12T13:23:30.979098Z,2026-08-12T13:23:30.979098Z,null,PropertySuppressionFactorID,1,null,null,true
265,FireEvent,PropertySuppressionFactorModValue,fireevent_propertysuppressionfactormodvalue,true,2026-08-12T13:23:30.979098Z,2026-08-12T13:23:30.979098Z,null,PropertySuppressionFactorID,1,null,null,true
266,FireEvent,SalamanderDownloadLog,fireevent_salamanderdownloadlog,true,2026-08-12T13:23:30.979098Z,2026-08-12T13:23:30.979098Z,null,SalamanderDownloadLogID,1,null,null,true
267,FireEvent,Structure,fireevent_structure,true,2026-08-12T13:23:30.979098Z,2026-08-12T13:23:30.979098Z,null,IncidentID,1,null,null,true
268,FireEvent,StructureFire,fireevent_structurefire,true,2026-08-12T13:23:30.979098Z,2026-08-12T13:23:30.979098Z,null,IncidentID,1,null,null,true
269,FireEvent,StructureFireAutomaticExtinguishing,fireevent_structurefireautomaticextinguishing,true,2026-08-12T13:23:30.979098Z,2026-08-12T13:23:30.979098Z,null,IncidentID,1,null,null,true
270,FireEvent,StructureFireAutomaticExtinguishingFailureReasonModValue,fireevent_structurefireautomaticextinguishingfailurereasonmodvalue,true,2026-08-12T13:23:30.979098Z,2026-08-12T13:23:30.979098Z,null,IncidentID,1,null,null,true
271,FireEvent,StructureFireAutomaticExtinguishingOperationModValue,fireevent_structurefireautomaticextinguishingoperationmodvalue,true,2026-08-12T13:23:30.979098Z,2026-08-12T13:23:30.979098Z,null,IncidentID,1,null,null,true
272,FireEvent,StructureFireAutomaticExtinguishingPresenceModValue,fireevent_structurefireautomaticextinguishingpresencemodvalue,true,2026-08-12T13:23:30.979098Z,2026-08-12T13:23:30.979098Z,null,IncidentID,1,null,null,true
273,FireEvent,StructureFireAutomaticExtinguishingTypeModValue,fireevent_structurefireautomaticextinguishingtypemodvalue,true,2026-08-12T13:23:30.979098Z,2026-08-12T13:23:30.979098Z,null,IncidentID,1,null,null,true
274,FireEvent,StructureFireDetector,fireevent_structurefiredetector,true,2026-08-12T13:23:30.979098Z,2026-08-12T13:23:30.979098Z,null,IncidentID,1,null,null,true
275,FireEvent,StructureFireDetectorEffectivenessModValue,fireevent_structurefiredetectoreffectivenessmodvalue,true,2026-08-12T13:23:30.979098Z,2026-08-12T13:23:30.979098Z,null,IncidentID,1,null,null,true
276,FireEvent,StructureFireDetectorFailureReasonModValue,fireevent_structurefiredetectorfailurereasonmodvalue,true,2026-08-12T13:23:30.979098Z,2026-08-12T13:23:30.979098Z,null,IncidentID,1,null,null,true
277,FireEvent,StructureFireDetectorOperationModValue,fireevent_structurefiredetectoroperationmodvalue,true,2026-08-12T13:23:30.979098Z,2026-08-12T13:23:30.979098Z,null,IncidentID,1,null,null,true
278,FireEvent,StructureFireDetectorPowerSupplyModValue,fireevent_structurefiredetectorpowersupplymodvalue,true,2026-08-12T13:23:30.979098Z,2026-08-12T13:23:30.979098Z,null,IncidentID,1,null,null,true
279,FireEvent,StructureFireDetectorPresenceModValue,fireevent_structurefiredetectorpresencemodvalue,true,2026-08-12T13:23:30.979098Z,2026-08-12T13:23:30.979098Z,null,IncidentID,1,null,null,true
280,FireEvent,StructureFireDetectorTypeModValue,fireevent_structurefiredetectortypemodvalue,true,2026-08-12T13:23:30.979098Z,2026-08-12T13:23:30.979098Z,null,IncidentID,1,null,null,true
281,FireEvent,StructureFireFlameSpreadItemModValue,fireevent_structurefireflamespreaditemmodvalue,true,2026-08-12T13:23:30.979098Z,2026-08-12T13:23:30.979098Z,null,IncidentID,1,null,null,true
282,FireEvent,StructureFireFlameSpreadItemTypeModValue,fireevent_structurefireflamespreaditemtypemodvalue,true,2026-08-12T13:23:30.979098Z,2026-08-12T13:23:30.979098Z,null,IncidentID,1,null,null,true
283,FireEvent,StructureFireFlameSpreadModValue,fireevent_structurefireflamespreadmodvalue,true,2026-08-12T13:23:30.979098Z,2026-08-12T13:23:30.979098Z,null,IncidentID,1,null,null,true
284,FireEvent,StructureFireOriginBelowGradeModValue,fireevent_structurefireoriginbelowgrademodvalue,true,2026-08-12T13:23:30.979098Z,2026-08-12T13:23:30.979098Z,null,IncidentID,1,null,null,true
285,FireEvent,StructureRoofCoveringModValue,fireevent_structureroofcoveringmodvalue,true,2026-08-12T13:23:30.979098Z,2026-08-12T13:23:30.979098Z,null,IncidentID,1,null,null,true
286,FireEvent,StructureStatusModValue,fireevent_structurestatusmodvalue,true,2026-08-12T13:23:30.979098Z,2026-08-12T13:23:30.979098Z,null,IncidentID,1,null,null,true
287,FireEvent,StructureTypeModValue,fireevent_structuretypemodvalue,true,2026-08-12T13:23:30.979098Z,2026-08-12T13:23:30.979098Z,null,IncidentID,1,null,null,true
288,FireEvent,TransferDownloadLog,fireevent_transferdownloadlog,true,2026-08-12T13:23:30.979098Z,2026-08-12T13:23:30.979098Z,null,TransferDownloadLogID,1,null,null,true
289,FireEvent,TransferUploadLog,fireevent_transferuploadlog,true,2026-08-12T13:23:30.979098Z,2026-08-12T13:23:30.979098Z,null,TransferUploadLogID,1,null,null,true
290,FireEvent,Wildland,fireevent_wildland,true,2026-08-12T13:23:30.979098Z,2026-08-12T13:23:30.979098Z,null,IncidentID,1,null,null,true
291,FireEvent,WildlandBehavior,fireevent_wildlandbehavior,true,2026-08-12T13:23:30.979098Z,2026-08-12T13:23:30.979098Z,null,IncidentID,1,null,null,true
292,FireEvent,WildlandBehaviorAspectModValue,fireevent_wildlandbehavioraspectmodvalue,true,2026-08-12T13:23:30.979098Z,2026-08-12T13:23:30.979098Z,null,IncidentID,1,null,null,true
293,FireEvent,WildlandBehaviorRelativePositionModValue,fireevent_wildlandbehaviorrelativepositionmodvalue,true,2026-08-12T13:23:30.979098Z,2026-08-12T13:23:30.979098Z,null,IncidentID,1,null,null,true
294,FireEvent,WildlandBuildingIgnitedCountModValue,fireevent_wildlandbuildingignitedcountmodvalue,true,2026-08-12T13:23:30.979098Z,2026-08-12T13:23:30.979098Z,null,IncidentID,1,null,null,true
295,FireEvent,WildlandBuildingThreatenedCountModValue,fireevent_wildlandbuildingthreatenedcountmodvalue,true,2026-08-12T13:23:30.979098Z,2026-08-12T13:23:30.979098Z,null,IncidentID,1,null,null,true
296,FireEvent,WildlandEquipmentInvolvedModValue,fireevent_wildlandequipmentinvolvedmodvalue,true,2026-08-12T13:23:30.979098Z,2026-08-12T13:23:30.979098Z,null,IncidentID,1,null,null,true
297,FireEvent,WildlandFactor,fireevent_wildlandfactor,true,2026-08-12T13:23:30.979098Z,2026-08-12T13:23:30.979098Z,null,WildlandFactorID,1,null,null,true
298,FireEvent,WildlandFactorFactorModValue,fireevent_wildlandfactorfactormodvalue,true,2026-08-12T13:23:30.979098Z,2026-08-12T13:23:30.979098Z,null,WildlandFactorID,1,null,null,true
299,FireEvent,WildlandFireCauseModValue,fireevent_wildlandfirecausemodvalue,true,2026-08-12T13:23:30.979098Z,2026-08-12T13:23:30.979098Z,null,IncidentID,1,null,null,true
300,FireEvent,WildlandHeatSourceModValue,fireevent_wildlandheatsourcemodvalue,true,2026-08-12T13:23:30.979098Z,2026-08-12T13:23:30.979098Z,null,IncidentID,1,null,null,true
301,FireEvent,WildlandHumanFactor,fireevent_wildlandhumanfactor,true,2026-08-12T13:23:30.979098Z,2026-08-12T13:23:30.979098Z,null,WildlandHumanFactorID,1,null,null,true
302,FireEvent,WildlandHumanFactorHumanFactorModValue,fireevent_wildlandhumanfactorhumanfactormodvalue,true,2026-08-12T13:23:30.979098Z,2026-08-12T13:23:30.979098Z,null,WildlandHumanFactorID,1,null,null,true
303,FireEvent,WildlandLocation,fireevent_wildlandlocation,true,2026-08-12T13:23:30.979098Z,2026-08-12T13:23:30.979098Z,null,IncidentID,1,null,null,true
304,FireEvent,WildlandLocationAreaTypeModValue,fireevent_wildlandlocationareatypemodvalue,true,2026-08-12T13:23:30.979098Z,2026-08-12T13:23:30.979098Z,null,IncidentID,1,null,null,true
305,FireEvent,WildlandLocationMeridianModValue,fireevent_wildlandlocationmeridianmodvalue,true,2026-08-12T13:23:30.979098Z,2026-08-12T13:23:30.979098Z,null,IncidentID,1,null,null,true
306,FireEvent,WildlandLocationRangeDirectionModValue,fireevent_wildlandlocationrangedirectionmodvalue,true,2026-08-12T13:23:30.979098Z,2026-08-12T13:23:30.979098Z,null,IncidentID,1,null,null,true
307,FireEvent,WildlandLocationSubsectionModValue,fireevent_wildlandlocationsubsectionmodvalue,true,2026-08-12T13:23:30.979098Z,2026-08-12T13:23:30.979098Z,null,IncidentID,1,null,null,true
308,FireEvent,WildlandLocationTdirectionModValue,fireevent_wildlandlocationtdirectionmodvalue,true,2026-08-12T13:23:30.979098Z,2026-08-12T13:23:30.979098Z,null,IncidentID,1,null,null,true
309,FireEvent,WildlandMobilePropertyTypeModValue,fireevent_wildlandmobilepropertytypemodvalue,true,2026-08-12T13:23:30.979098Z,2026-08-12T13:23:30.979098Z,null,IncidentID,1,null,null,true
310,FireEvent,WildlandNFDRSFuelModelModValue,fireevent_wildlandnfdrsfuelmodelmodvalue,true,2026-08-12T13:23:30.979098Z,2026-08-12T13:23:30.979098Z,null,IncidentID,1,null,null,true
311,FireEvent,WildlandPersonInvolved,fireevent_wildlandpersoninvolved,true,2026-08-12T13:23:30.979098Z,2026-08-12T13:23:30.979098Z,null,IncidentID,1,null,null,true
312,FireEvent,WildlandPersonInvolvedActivityModValue,fireevent_wildlandpersoninvolvedactivitymodvalue,true,2026-08-12T13:23:30.979098Z,2026-08-12T13:23:30.979098Z,null,IncidentID,1,null,null,true
313,FireEvent,WildlandPersonInvolvedGenderModValue,fireevent_wildlandpersoninvolvedgendermodvalue,true,2026-08-12T13:23:30.979098Z,2026-08-12T13:23:30.979098Z,null,IncidentID,1,null,null,true
314,FireEvent,WildlandPersonInvolvedPersonResponsibleModValue,fireevent_wildlandpersoninvolvedpersonresponsiblemodvalue,true,2026-08-12T13:23:30.979098Z,2026-08-12T13:23:30.979098Z,null,IncidentID,1,null,null,true
315,FireEvent,WildlandPrimaryCropsBurned,fireevent_wildlandprimarycropsburned,true,2026-08-12T13:23:30.979098Z,2026-08-12T13:23:30.979098Z,null,WildlandPrimaryCropsBurnedID,1,null,null,true
316,FireEvent,WildlandPrimaryCropsBurnedCropModValue,fireevent_wildlandprimarycropsburnedcropmodvalue,true,2026-08-12T13:23:30.979098Z,2026-08-12T13:23:30.979098Z,null,WildlandPrimaryCropsBurnedID,1,null,null,true
317,FireEvent,WildlandPropertyManagement,fireevent_wildlandpropertymanagement,true,2026-08-12T13:23:30.979098Z,2026-08-12T13:23:30.979098Z,null,IncidentID,1,null,null,true
318,FireEvent,WildlandPropertyManagementOwnershipModValue,fireevent_wildlandpropertymanagementownershipmodvalue,true,2026-08-12T13:23:30.979098Z,2026-08-12T13:23:30.979098Z,null,IncidentID,1,null,null,true
319,FireEvent,WildlandRightOfWayTypeModValue,fireevent_wildlandrightofwaytypemodvalue,true,2026-08-12T13:23:30.979098Z,2026-08-12T13:23:30.979098Z,null,IncidentID,1,null,null,true
320,FireEvent,WildlandSuppressionFactor,fireevent_wildlandsuppressionfactor,true,2026-08-12T13:23:30.979098Z,2026-08-12T13:23:30.979098Z,null,WildlandSuppressionFactorID,1,null,null,true
321,FireEvent,WildlandSuppressionFactorSupressionFactorModValue,fireevent_wildlandsuppressionfactorsupressionfactormodvalue,true,2026-08-12T13:23:30.979098Z,2026-08-12T13:23:30.979098Z,null,WildlandSuppressionFactorID,1,null,null,true
322,FireEvent,WildlandWeather,fireevent_wildlandweather,true,2026-08-12T13:23:30.979098Z,2026-08-12T13:23:30.979098Z,null,IncidentID,1,null,null,true
323,FireEvent,WildlandWeatherFireDangerRatingModValue,fireevent_wildlandweatherfiredangerratingmodvalue,true,2026-08-12T13:23:30.979098Z,2026-08-12T13:23:30.979098Z,null,IncidentID,1,null,null,true
324,FireEvent,WildlandWeatherNegativeTempModValue,fireevent_wildlandweathernegativetempmodvalue,true,2026-08-12T13:23:30.979098Z,2026-08-12T13:23:30.979098Z,null,IncidentID,1,null,null,true
325,FireEvent,WildlandWeatherWeatherTypeModValue,fireevent_wildlandweatherweathertypemodvalue,true,2026-08-12T13:23:30.979098Z,2026-08-12T13:23:30.979098Z,null,IncidentID,1,null,null,true
326,FireEvent,WildlandWeatherWindDirectionModValue,fireevent_wildlandweatherwinddirectionmodvalue,true,2026-08-12T13:23:30.979098Z,2026-08-12T13:23:30.979098Z,null,IncidentID,1,null,null,true
327,FireInvestigation,AdditionalInvestigator,fireinvestigation_additionalinvestigator,true,2026-08-12T13:23:30.979098Z,2026-08-12T13:23:30.979098Z,null,AdditionalInvestigatorID,1,null,null,true
328,FireInvestigation,AdditionalNarratives,fireinvestigation_additionalnarratives,true,2026-08-12T13:23:30.979098Z,2026-08-12T13:23:30.979098Z,null,NarrativeID,1,null,null,true
329,FireInvestigation,Casualty,fireinvestigation_casualty,true,2026-08-12T13:23:30.979098Z,2026-08-12T13:23:30.979098Z,null,CasualtyID,1,null,null,true
330,FireInvestigation,CourtStatus,fireinvestigation_courtstatus,true,2026-08-12T13:23:30.979098Z,2026-08-12T13:23:30.979098Z,null,IncidentID,1,null,null,true
331,FireInvestigation,Distribution,fireinvestigation_distribution,true,2026-08-12T13:23:30.979098Z,2026-08-12T13:23:30.979098Z,null,DistributionID,1,null,null,true
332,FireInvestigation,EvidenceInformation,fireinvestigation_evidenceinformation,true,2026-08-12T13:23:30.979098Z,2026-08-12T13:23:30.979098Z,null,EvidenceInformationID,1,null,null,true
333,FireInvestigation,Fire,fireinvestigation_fire,true,2026-08-12T13:23:30.979098Z,2026-08-12T13:23:30.979098Z,null,IncidentID,1,null,null,true
334,FireInvestigation,Incident,fireinvestigation_incident,true,2026-08-12T13:23:30.979098Z,2026-08-12T13:23:30.979098Z,null,IncidentID,1,null,null,true
335,FireInvestigation,IncidentActionPlan,fireinvestigation_incidentactionplan,true,2026-08-12T13:23:30.979098Z,2026-08-12T13:23:30.979098Z,null,IncidentID,1,null,null,true
336,FireInvestigation,IncidentFileAttachment,fireinvestigation_incidentfileattachment,true,2026-08-12T13:23:30.979098Z,2026-08-12T13:23:30.979098Z,null,IncidentFileAttachmentID,1,null,null,true
337,FireInvestigation,IncidentOther,fireinvestigation_incidentother,true,2026-08-12T13:23:30.979098Z,2026-08-12T13:23:30.979098Z,null,IncidentOtherID,1,null,null,true
338,FireInvestigation,Investigation,fireinvestigation_investigation,true,2026-08-12T13:23:30.979098Z,2026-08-12T13:23:30.979098Z,null,IncidentID,1,null,null,true
339,FireInvestigation,MediaCoverage,fireinvestigation_mediacoverage,true,2026-08-12T13:23:30.979098Z,2026-08-12T13:23:30.979098Z,null,MediaCoverageID,1,null,null,true
340,FireInvestigation,MotorVehicle,fireinvestigation_motorvehicle,true,2026-08-12T13:23:30.979098Z,2026-08-12T13:23:30.979098Z,null,MotorVehicleID,1,null,null,true
341,FireInvestigation,NextOfKin,fireinvestigation_nextofkin,true,2026-08-12T13:23:30.979098Z,2026-08-12T13:23:30.979098Z,null,NextOfKinID,1,null,null,true
342,FireInvestigation,PropertyOther,fireinvestigation_propertyother,true,2026-08-12T13:23:30.979098Z,2026-08-12T13:23:30.979098Z,null,PropertyOtherID,1,null,null,true
343,FireInvestigation,Record,fireinvestigation_record,true,2026-08-12T13:23:30.979098Z,2026-08-12T13:23:30.979098Z,null,IncidentID,1,null,null,true
344,FireInvestigation,TempDispositionFireCause,fireinvestigation_tempdispositionfirecause,true,2026-08-12T13:23:30.979098Z,2026-08-12T13:23:30.979098Z,null,,1,null,null,true
345,FireInvestigation,Weather,fireinvestigation_weather,true,2026-08-12T13:23:30.979098Z,2026-08-12T13:23:30.979098Z,null,IncidentID,1,null,null,true
346,FireInvestigation,WitnessInformation,fireinvestigation_witnessinformation,true,2026-08-12T13:23:30.979098Z,2026-08-12T13:23:30.979098Z,null,WitnessInformationID,1,null,null,true
347,FireInvestigationLocation,AlarmProtectionSecurity,fireinvestigationlocation_alarmprotectionsecurity,true,2026-08-12T13:23:30.979098Z,2026-08-12T13:23:30.979098Z,null,LocationID,1,null,null,true
348,FireInvestigationLocation,ElectricService,fireinvestigationlocation_electricservice,true,2026-08-12T13:23:30.979098Z,2026-08-12T13:23:30.979098Z,null,ElectricServiceID,1,null,null,true
349,FireInvestigationLocation,HeatingSystems,fireinvestigationlocation_heatingsystems,true,2026-08-12T13:23:30.979098Z,2026-08-12T13:23:30.979098Z,null,HeatingSystemID,1,null,null,true
350,FireInvestigationLocation,Insurance,fireinvestigationlocation_insurance,true,2026-08-12T13:23:30.979098Z,2026-08-12T13:23:30.979098Z,null,InsuranceID,1,null,null,true
351,FireInvestigationLocation,InsuranceContact,fireinvestigationlocation_insurancecontact,true,2026-08-12T13:23:30.979098Z,2026-08-12T13:23:30.979098Z,null,InsuranceContactID,1,null,null,true
352,FireInvestigationLocation,Location,fireinvestigationlocation_location,true,2026-08-12T13:23:30.979098Z,2026-08-12T13:23:30.979098Z,null,LocationID,1,null,null,true
353,FireInvestigationLocation,OwnerOccupantInformation,fireinvestigationlocation_owneroccupantinformation,true,2026-08-12T13:23:30.979098Z,2026-08-12T13:23:30.979098Z,null,OwnerOccupantID,1,null,null,true
354,FireInvestigationLocation,Structure,fireinvestigationlocation_structure,true,2026-08-12T13:23:30.979098Z,2026-08-12T13:23:30.979098Z,null,LocationID,1,null,null,true
355,FireInvestigationLocation,Utility,fireinvestigationlocation_utility,true,2026-08-12T13:23:30.979098Z,2026-08-12T13:23:30.979098Z,null,LocationID,1,null,null,true
